<?xml version="1.0" encoding="UTF-8"?>
<configuration>

  <conversionRule conversionWord="coloredLevel" converterClass="play.api.Logger$ColoredLevel" />

  <!-- IMPORTANT: This logger should only used when debugging and testing -->
  <appender name="MetricsPortalLogger" class="ch.qos.logback.core.rolling.RollingFileAppender">
    <file>/var/log/metrics-portal/metrics-portal.log</file>
    <rollingPolicy class="ch.qos.logback.core.rolling.TimeBasedRollingPolicy">
      <timeBasedFileNamingAndTriggeringPolicy class="com.arpnetworking.logback.SizeAndRandomizedTimeBasedFNATP">
        <maxOffsetInMillis>900000</maxOffsetInMillis>
        <maxFileSize>2gb</maxFileSize>
      </timeBasedFileNamingAndTriggeringPolicy>
      <fileNamePattern>/var/log/metrics-portal/metrics-portal.%d{yyyy-MM-dd_HH}.%i.log.gz</fileNamePattern>
      <maxHistory>5</maxHistory>
      <cleanHistoryOnStart>true</cleanHistoryOnStart>
    </rollingPolicy>
    <encoder class="com.arpnetworking.logback.KeyValueEncoder">
      <layout class="ch.qos.logback.classic.PatternLayout">
        <pattern>%date %t [%level] %logger : %message %ex%n</pattern>
      </layout>
    </encoder>
  </appender>

  <appender name="MetricsPortalAsync" class="ch.qos.logback.classic.AsyncAppender">
    <appender-ref ref="MetricsPortalLogger"/>
    <discardingThreshold>0</discardingThreshold>
    <queueSize>500</queueSize>
  </appender>

  <logger name="play" level="INFO" />
  <logger name="application" level="DEBUG" />
  <logger name="org.elasticsearch" level="INFO" />
  <logger name="com.arpnetworking" level="DEBUG" />
  <logger name="controllers" level="DEBUG" />
  <logger name="global" level="DEBUG" />
  <logger name="models" level="DEBUG" />
  <logger name="org.reflections.Reflections" level="ERROR" />

  <root level="INFO">
    <appender-ref ref="MetricsPortalAsync" />
  </root>

</configuration>
